,City,Country,Lat,Lng,Max Temp,Humidity,Cloudiness,Wind Speed,Current Weather
0,Tuktoyaktuk,CA,69.4541,-133.0374,6.53,93,100,19.75,overcast clouds
1,Byron Bay,AU,-28.65,153.6167,71.49,85,99,10.6,overcast clouds
2,Mozarlandia,BR,-14.7447,-50.5706,77.25,79,100,1.68,overcast clouds
3,Tapiramuta,BR,-11.8472,-40.7914,79.14,55,73,5.59,broken clouds
4,Yakeshi,CN,49.2833,120.7333,16.36,85,100,2.01,overcast clouds
5,Port Alfred,ZA,-33.5906,26.891,67.3,65,47,17.72,scattered clouds
6,Lagoa,PT,39.05,-27.9833,65.23,73,100,20.76,overcast clouds
7,Fairbanks,US,64.8378,-147.7164,-6.09,74,1,0.0,mist
8,Rikitea,PF,-23.1203,-134.9692,72.36,66,9,8.63,clear sky
9,Hermanus,ZA,-34.4187,19.2345,72.9,59,0,14.32,clear sky
10,Schagen,NL,52.7875,4.7986,58.05,82,63,3.0,broken clouds
11,Kaitangata,NZ,-46.2817,169.8464,52.0,65,100,5.84,moderate rain
12,Samdrup Jongkhar,BT,26.9167,91.6167,57.97,74,0,4.83,clear sky
13,Ushuaia,AR,-54.8,-68.3,53.22,71,75,33.38,broken clouds
14,Busselton,AU,-33.65,115.3333,58.08,69,4,9.73,clear sky
15,Alofi,NU,-19.0595,-169.9187,76.89,94,1,4.61,clear sky
16,Awjilah,LY,29.1081,21.2869,78.28,23,7,4.32,clear sky
17,Iqaluit,CA,63.7506,-68.5145,22.73,67,90,11.99,light snow
18,Arraial Do Cabo,BR,-22.9661,-42.0278,75.16,94,75,6.91,light intensity drizzle
19,Dunedin,NZ,-45.8742,170.5036,54.81,66,100,3.0,overcast clouds
20,Inhambane,MZ,-23.865,35.3833,80.58,74,75,8.01,broken clouds
21,Capinopolis,BR,-18.6819,-49.5697,79.32,68,90,9.31,overcast clouds
22,Lompoc,US,34.6391,-120.4579,55.13,88,90,1.01,mist
23,Ust-Maya,RU,60.4167,134.5333,-19.48,100,99,0.96,overcast clouds
24,Georgetown,MY,5.4112,100.3354,84.15,79,40,5.99,moderate rain
25,Codrington,AU,-38.2667,141.9667,47.03,80,99,5.3,overcast clouds
26,Broome,US,42.2506,-75.833,38.05,72,64,3.0,broken clouds
27,Kapaa,US,22.0752,-159.319,73.72,69,75,4.61,broken clouds
28,Vyazemskiy,RU,47.5378,134.7525,20.08,94,89,2.17,overcast clouds
29,Bonavista,CA,48.6499,-53.1147,44.11,90,100,31.5,overcast clouds
30,Taft,IR,31.7471,54.2088,51.75,38,20,2.3,few clouds
31,Grand Gaube,MU,-20.0064,57.6608,81.0,66,5,5.01,light rain
32,Castro,BR,-24.7911,-50.0119,66.49,88,99,4.14,overcast clouds
33,Faanui,PF,-16.4833,-151.75,80.01,77,43,22.01,light rain
34,Vostok,RU,46.4856,135.8833,18.46,97,100,3.06,light snow
35,Bluff,NZ,-46.6,168.3333,57.16,69,100,14.74,overcast clouds
36,Pevek,RU,69.7008,170.3133,-1.16,83,32,8.21,scattered clouds
37,Santiago,CL,-33.4569,-70.6483,71.85,47,0,3.44,clear sky
38,Punta Arenas,CL,-53.15,-70.9167,50.11,71,75,20.71,light rain
39,East London,ZA,-33.0153,27.9116,68.94,73,20,16.11,few clouds
40,Qaanaaq,GL,77.484,-69.3632,-5.15,64,92,6.91,overcast clouds
41,Mikhaylovka,RU,50.06,43.2379,34.79,93,100,5.84,overcast clouds
42,San Carlos Park,US,26.4673,-81.8015,73.04,93,90,12.66,light rain
43,Thompson,CA,55.7435,-97.8558,19.56,93,90,2.3,overcast clouds
44,Lebu,CL,-37.6167,-73.65,59.2,75,14,14.76,few clouds
45,Hobart,AU,-42.8794,147.3294,53.46,86,90,5.75,overcast clouds
46,Chirongui,YT,-12.9319,45.1483,82.33,70,12,2.66,few clouds
47,Jamestown,US,42.097,-79.2353,34.72,99,100,11.01,light snow
48,Cabo San Lucas,MX,22.8909,-109.9124,72.52,82,1,9.22,clear sky
49,Jumla,NP,29.2747,82.1838,46.98,50,29,4.09,scattered clouds
50,Roald,NO,62.5833,6.1333,48.33,93,90,39.12,shower rain
51,Airai,TL,-8.9266,125.4092,63.73,93,100,1.21,overcast clouds
52,Half Moon Bay,US,37.4636,-122.4286,57.02,90,90,4.61,overcast clouds
53,Te Anau,NZ,-45.4167,167.7167,51.89,93,100,8.01,light rain
54,Tulun,RU,54.5611,100.5792,7.14,94,97,3.56,overcast clouds
55,Chulucanas,PE,-5.0925,-80.1625,74.1,64,84,3.11,broken clouds
56,Saint George,US,37.1041,-113.5841,57.54,50,29,3.06,scattered clouds
57,Tuatapere,NZ,-46.1333,167.6833,55.08,79,100,7.43,overcast clouds
58,Chapais,CA,49.7834,-74.8492,26.38,84,100,13.13,overcast clouds
59,Oshnaviyeh,IR,37.0397,45.0983,43.05,40,75,2.21,broken clouds
60,Bathsheba,BB,13.2167,-59.5167,84.81,65,20,18.41,few clouds
61,Sorland,NO,67.667,12.6934,41.07,63,50,28.95,scattered clouds
62,Pisco,PE,-13.7,-76.2167,68.05,77,75,1.14,haze
63,Victoria,HK,22.2855,114.1577,76.21,81,7,1.01,clear sky
64,Mahebourg,MU,-20.4081,57.7,80.89,65,20,10.36,light rain
65,Omboue,GA,-1.5746,9.2618,82.53,76,80,8.46,light rain
66,Mataura,NZ,-46.1927,168.8643,55.49,59,100,6.08,overcast clouds
67,Port Hardy,CA,50.6996,-127.4199,42.8,93,1,5.75,clear sky
68,Tshikapa,CD,-6.4167,20.8,87.17,55,69,2.55,broken clouds
69,San Patricio,US,28.017,-97.5169,57.83,51,1,7.96,clear sky
70,Huntsville,US,34.7304,-86.5861,39.2,75,1,1.01,clear sky
71,Atuona,PF,-9.8,-139.0333,77.27,75,6,12.19,clear sky
72,Vernon,CA,50.2581,-119.2691,35.13,85,97,0.0,light snow
73,Kununurra,AU,-15.7667,128.7333,84.18,58,4,8.05,clear sky
74,Vaini,TO,-21.2,-175.2,68.16,100,75,1.14,broken clouds
75,Talnakh,RU,69.4865,88.3972,3.94,96,100,5.7,overcast clouds
76,Aklavik,CA,68.2191,-135.0107,7.63,83,100,12.93,overcast clouds
77,Cayenne,GF,4.9333,-52.3333,86.04,81,90,1.99,overcast clouds
78,Tual,ID,-5.6667,132.75,83.52,70,73,3.13,broken clouds
79,Mareeba,AU,-17.0,145.4333,69.48,87,0,2.35,clear sky
80,Hithadhoo,MV,-0.6,73.0833,82.04,78,88,17.36,overcast clouds
81,Albany,US,42.6001,-73.9662,39.58,67,30,11.01,scattered clouds
82,Ust-Kuyga,RU,70.0167,135.6,-7.19,100,100,3.4,overcast clouds
83,Puerto Ayora,EC,-0.7393,-90.3518,69.3,79,50,9.4,scattered clouds
84,Banda Aceh,ID,5.5577,95.3222,79.88,78,100,10.22,overcast clouds
85,Kem,RU,64.9555,34.5793,32.25,80,75,15.97,broken clouds
86,New Norfolk,AU,-42.7826,147.0587,53.1,68,100,0.56,overcast clouds
87,Frohnleiten,AT,47.2667,15.3167,55.38,63,81,3.94,broken clouds
88,Longyearbyen,SJ,78.2186,15.6401,12.04,67,20,19.57,few clouds
89,Preobrazheniye,RU,42.9019,133.9064,32.72,62,2,5.73,clear sky
90,Cape Town,ZA,-33.9258,18.4232,73.11,45,0,25.32,clear sky
91,Huarmey,PE,-10.0681,-78.1522,66.88,80,22,7.34,few clouds
92,Valparaiso,CL,-33.0393,-71.6273,60.48,71,51,6.51,broken clouds
93,Saint-Philippe,RE,-21.3585,55.7679,81.99,69,58,11.14,broken clouds
94,Bethel,US,41.3712,-73.414,43.54,64,19,4.0,few clouds
95,Borovoy,RU,55.4333,86.0833,4.28,78,90,20.13,light snow
96,Oussouye,SN,12.485,-16.5469,94.57,32,67,6.98,broken clouds
97,Kodiak,US,57.79,-152.4072,19.53,74,96,8.95,overcast clouds
98,Nome,US,64.5011,-165.4064,0.16,76,2,5.41,clear sky
99,Luganville,VU,-15.5333,167.1667,78.91,82,92,2.55,overcast clouds
100,Dingle,PH,10.9995,122.6711,76.69,90,81,2.24,broken clouds
101,Misratah,LY,32.3754,15.0925,69.98,60,16,12.1,few clouds
102,Ponta Delgada,PT,37.7333,-25.6667,66.92,59,20,9.22,few clouds
103,Herat,AF,34.5,62.0,43.95,57,0,4.7,clear sky
104,Esperance,AU,-33.8667,121.9,57.36,66,100,8.39,overcast clouds
105,Chuy,UY,-33.6971,-53.4616,72.64,43,0,3.09,clear sky
106,Torbay,CA,47.6666,-52.7314,43.29,94,90,32.21,light intensity shower rain
107,Fukue,JP,32.6881,128.8419,63.48,54,0,14.03,clear sky
108,Grindavik,IS,63.8424,-22.4338,41.47,81,40,20.71,scattered clouds
109,Sal Rei,CV,16.1833,-22.9167,77.18,77,100,13.67,overcast clouds
110,Coihaique,CL,-45.5752,-72.0662,57.49,69,100,10.22,overcast clouds
111,Khani,GE,41.9563,42.9566,45.97,78,100,0.76,overcast clouds
112,Karlskoga,SE,59.3267,14.5239,55.31,68,100,14.36,overcast clouds
113,Mola Di Bari,IT,41.0609,17.0873,64.22,70,14,19.86,few clouds
114,Sisimiut,GL,66.9395,-53.6735,13.33,77,14,15.64,few clouds
115,Leningradskiy,RU,69.3833,178.4167,-3.86,79,37,5.17,scattered clouds
116,Caluquembe,AO,-13.7833,14.6833,78.21,46,32,3.53,light rain
117,Hilo,US,19.7297,-155.09,72.25,93,99,3.27,overcast clouds
118,Oktyabrskiy,RU,54.4815,53.471,25.74,80,100,15.55,overcast clouds
119,Saint-Francois,FR,46.4154,3.9054,45.84,81,75,10.36,broken clouds
120,Jumilla,ES,38.4792,-1.325,59.27,66,98,11.14,overcast clouds
121,Cabedelo,BR,-6.9811,-34.8339,84.52,64,99,13.96,overcast clouds
122,Yellowknife,CA,62.456,-114.3525,5.41,94,75,5.01,broken clouds
123,Suffolk,US,40.8668,-72.7996,45.12,65,1,13.0,clear sky
124,Los Algarrobos,PA,8.5,-82.4333,78.08,73,100,1.95,overcast clouds
125,Russell,US,32.3502,-85.1999,46.06,47,19,9.28,few clouds
126,Masvingo,ZW,-20.0637,30.8277,76.89,53,71,9.75,broken clouds
127,Rio Grande,BR,-32.035,-52.0986,72.95,49,0,3.87,clear sky
128,Avarua,CK,-21.2078,-159.775,75.25,83,20,13.8,few clouds
129,Alakurtti,RU,66.9672,30.3491,14.22,98,62,3.36,broken clouds
130,Namatanai,PG,-3.6667,152.4333,78.85,82,96,2.42,overcast clouds
131,Khatanga,RU,71.9667,102.5,-15.18,87,88,7.67,overcast clouds
132,Bengkulu,ID,-3.8004,102.2655,76.39,88,100,3.8,overcast clouds
133,Kargopol,RU,61.5071,38.9456,32.09,95,100,10.2,light snow
134,Tura,IN,25.5198,90.2201,63.05,86,11,3.15,few clouds
135,Sitka,US,57.0531,-135.33,30.09,86,75,3.44,light snow
136,Fallon,US,39.4735,-118.7774,47.28,47,43,6.58,scattered clouds
137,Tiksi,RU,71.6872,128.8694,-5.85,95,100,7.29,overcast clouds
138,Quang Ngai,VN,15.1167,108.8,74.37,92,55,1.63,broken clouds
139,Bobo Dioulasso,BF,11.1771,-4.2979,98.49,12,36,9.57,scattered clouds
140,Mana,GF,5.6592,-53.7767,83.1,75,39,6.53,scattered clouds
141,Luba,GQ,3.4568,8.5547,82.18,78,38,6.02,light rain
142,Hamilton,US,39.1834,-84.5333,33.1,69,2,1.01,clear sky
143,Wahpeton,US,46.2652,-96.6059,30.94,74,1,25.32,clear sky
144,Bredasdorp,ZA,-34.5322,20.0403,68.29,42,1,13.87,clear sky
145,Neiafu,TO,-18.65,-173.9833,78.35,84,100,1.21,light rain
146,Eyrarbakki,IS,63.863,-21.1481,45.64,83,75,11.36,broken clouds
147,Wiang Sa,TH,8.6359,99.3666,76.55,92,81,3.15,broken clouds
148,Kyra,RU,49.5776,111.9753,13.59,95,88,3.56,overcast clouds
149,Dikson,RU,73.5069,80.5464,-19.62,95,48,2.19,scattered clouds
150,Cururupu,BR,-1.8283,-44.8683,90.07,55,79,9.33,broken clouds
151,Kahului,US,20.8947,-156.47,77.85,80,7,10.0,clear sky
152,Rocha,UY,-34.4833,-54.3333,76.69,34,4,2.73,clear sky
153,Imeni Zhelyabova,RU,58.9544,36.5956,34.48,86,93,9.78,overcast clouds
154,Sioux Lookout,CA,50.1001,-91.917,23.38,93,90,5.75,overcast clouds
155,Kautokeino,NO,69.0125,23.0412,2.7,98,76,2.66,broken clouds
156,Saratoga Springs,US,43.0831,-73.7846,41.54,75,39,8.01,scattered clouds
157,Disna,BY,55.568,28.1971,38.41,95,100,7.16,overcast clouds
158,Provideniya,RU,64.3833,-173.3,7.84,91,6,8.28,clear sky
159,Moree,AU,-29.4667,149.85,77.61,46,68,10.56,broken clouds
160,Mogadishu,SO,2.0371,45.3438,81.5,74,21,14.54,few clouds
161,Linhares,BR,-19.3911,-40.0722,85.41,57,46,9.71,scattered clouds
162,Chunskiy,RU,56.0815,99.6342,10.54,91,100,2.64,overcast clouds
163,Port Blair,IN,11.6667,92.75,80.92,83,100,7.27,overcast clouds
164,Port Elizabeth,ZA,-33.918,25.5701,68.09,60,13,15.28,few clouds
165,Kutahya,TR,39.4242,29.9833,41.54,85,100,5.23,overcast clouds
166,Manokwari,ID,-0.8667,134.0833,79.9,77,69,2.08,broken clouds
167,Port-Cartier,CA,50.0334,-66.8654,36.75,79,100,10.29,overcast clouds
168,Trincomalee,LK,8.5711,81.2335,80.71,80,99,7.96,overcast clouds
169,Kavaratti,IN,10.5669,72.642,81.59,73,100,16.44,overcast clouds
170,Carnarvon,AU,-24.8667,113.6333,68.97,73,0,20.42,clear sky
171,Kidal,ML,18.4411,1.4078,92.53,10,30,6.29,scattered clouds
172,Kawalu,ID,-7.3817,108.2082,72.07,97,100,1.5,light rain
173,Manyana,BW,-23.4,21.7167,92.23,14,6,3.98,clear sky
174,Loudi,CN,27.7344,111.9944,63.59,79,97,2.42,overcast clouds
175,Ahipara,NZ,-35.1667,173.1667,56.05,78,100,3.09,overcast clouds
176,Kamaishi,JP,39.2667,141.8833,53.1,70,21,7.7,few clouds
177,Opuwo,NA,-18.0607,13.84,93.51,16,90,7.02,overcast clouds
178,Guia Lopes Da Laguna,BR,-21.4578,-56.1142,74.12,81,96,2.71,overcast clouds
179,Souillac,MU,-20.5167,57.5167,78.37,72,27,11.65,scattered clouds
180,Odweyne,SO,9.4092,45.064,79.47,24,16,14.88,few clouds
181,Hofn,IS,64.2539,-15.2082,38.64,62,87,5.93,overcast clouds
182,Union,US,40.6334,-74.2663,44.98,56,1,12.66,clear sky
183,Neuquen,AR,-38.9516,-68.0591,67.89,52,0,6.91,clear sky
184,General Pico,AR,-35.6566,-63.7568,73.26,31,3,6.76,clear sky
185,Chokurdakh,RU,70.6333,147.9167,-20.61,100,94,2.39,overcast clouds
186,Ajjampur,IN,13.7281,76.0094,69.39,95,100,2.57,overcast clouds
187,Yabrud,SY,33.9674,36.6574,45.52,58,100,3.13,overcast clouds
188,Pervomayskoye,RU,43.919,46.7102,47.01,73,100,4.63,overcast clouds
189,Santo Andre,BR,-23.6639,-46.5383,68.13,97,100,5.48,overcast clouds
190,San Policarpo,PH,12.1791,125.5072,80.35,82,96,5.12,overcast clouds
191,Faya,SA,18.3851,42.4509,64.92,60,28,9.28,scattered clouds
192,Stephenville,US,32.2207,-98.2023,42.17,60,1,0.0,clear sky
193,Brae,GB,60.3964,-1.353,49.91,78,70,20.27,broken clouds
194,Iquique,CL,-20.2208,-70.1431,66.56,64,4,6.22,clear sky
195,Los Llanos De Aridane,ES,28.6585,-17.9182,67.75,70,40,8.01,volcanic ash
196,Iowa City,US,41.6611,-91.5302,25.56,79,1,4.61,clear sky
197,Tursunzoda,TJ,38.5144,68.2333,36.48,52,0,0.89,clear sky
198,Amazar,RU,53.858,120.875,3.18,97,49,2.8,scattered clouds
199,Chicama,PE,-7.8447,-79.1469,68.18,76,100,5.23,overcast clouds
200,Campbell River,CA,50.0163,-125.2446,34.27,98,18,5.77,few clouds
201,Vao,NC,-22.6667,167.4833,71.8,85,100,16.67,light rain
202,Dunmore East,IE,52.1514,-6.9861,54.23,78,59,11.45,broken clouds
203,Teahupoo,PF,-17.8333,-149.2667,71.56,69,84,18.28,broken clouds
204,Ende,ID,-8.8432,121.6623,79.11,85,77,2.91,broken clouds
205,Sakakah,SA,29.9697,40.2064,71.02,33,3,10.96,clear sky
206,Adeje,ES,28.1227,-16.726,70.9,52,20,14.97,few clouds
207,Diamantina,BR,-18.2494,-43.6003,72.81,72,93,8.5,light rain
208,Yerbogachen,RU,61.2767,108.0108,8.76,94,100,6.98,overcast clouds
209,Governador Valadares,BR,-18.8511,-41.9494,79.54,73,99,3.49,overcast clouds
210,Kangaatsiaq,GL,68.3065,-53.4641,10.63,97,91,15.1,overcast clouds
211,Laguna,US,38.421,-121.4238,57.7,94,90,1.99,mist
212,Hokitika,NZ,-42.7167,170.9667,53.44,79,60,2.35,broken clouds
213,Komsomolskiy,UZ,40.4272,71.7189,36.82,60,0,0.0,haze
214,Calvinia,ZA,-31.4707,19.776,75.04,13,0,14.36,clear sky
215,Mar Del Plata,AR,-38.0023,-57.5575,57.87,86,0,11.99,clear sky
216,Flinders,AU,-34.5833,150.8552,64.2,89,100,1.01,overcast clouds
217,Krasyliv,UA,49.6519,26.9725,43.29,89,100,16.98,overcast clouds
218,Pilibanga,IN,29.4916,74.079,69.15,17,0,3.78,clear sky
219,Mombetsu,JP,44.3525,143.3525,43.86,78,42,30.71,scattered clouds
220,Kruisfontein,ZA,-34.0033,24.7314,65.88,53,10,15.86,clear sky
221,Ribeira Grande,PT,38.5167,-28.7,68.4,73,40,17.27,scattered clouds
222,Emerald,AU,-23.5333,148.1667,74.34,43,0,13.18,clear sky
223,Roma,US,43.2128,-75.4557,38.66,95,90,8.05,light snow
224,Cockburn Town,TC,21.4612,-71.1419,81.3,75,26,18.01,scattered clouds
225,Lensk,RU,60.7253,114.9278,-1.23,99,100,3.04,overcast clouds
226,Santa Cruz,BO,-17.8,-63.1667,78.85,57,75,14.97,broken clouds
227,Butaritari,KI,3.0707,172.7902,80.28,81,100,14.18,light rain
228,Mandalgovi,MN,45.7625,106.2708,19.78,43,71,8.23,broken clouds
229,Alyangula,AU,-13.8483,136.4192,82.04,79,93,6.67,overcast clouds
230,Beloha,MG,-25.1667,45.05,84.15,42,58,12.17,broken clouds
231,Caravelas,BR,-17.7125,-39.2481,85.19,60,19,12.19,few clouds
232,Garden City,US,42.3256,-83.331,35.55,71,20,3.0,few clouds
233,San Carlos De Bariloche,AR,-41.1456,-71.3082,60.55,48,0,2.3,clear sky
234,Orchard Homes,US,46.8633,-114.0484,31.91,87,90,3.44,snow
235,Cairns,AU,-16.9167,145.7667,74.1,93,90,3.44,shower rain
236,Comodoro Rivadavia,AR,-45.8667,-67.5,76.86,25,0,20.71,clear sky
237,Salalah,OM,17.0151,54.0924,80.69,69,20,5.75,few clouds
238,Bambous Virieux,MU,-20.3428,57.7575,78.22,73,44,11.88,light rain
239,Songjianghe,CN,42.1859,127.479,20.59,83,52,2.53,broken clouds
240,Pafos,CY,34.7667,32.4167,69.71,60,40,12.66,scattered clouds
241,Itambacuri,BR,-18.0311,-41.685,82.6,66,75,4.29,broken clouds
242,Naze,JP,28.3667,129.4833,66.45,83,61,11.72,broken clouds
243,Khuzdar,PK,27.7384,66.6434,59.92,21,0,4.18,clear sky
244,Bhanpuri,IN,21.1,80.9167,78.73,46,100,7.25,overcast clouds
245,Hami,CN,42.8,93.45,36.82,46,100,3.67,overcast clouds
246,Kozyatyn,UA,49.7143,28.8339,42.78,90,100,15.73,overcast clouds
247,Henties Bay,NA,-22.116,14.2845,64.85,73,16,14.32,few clouds
248,Kaeo,NZ,-35.1,173.7833,56.32,90,100,5.21,overcast clouds
249,Taitung,TW,22.7583,121.1444,74.03,84,71,10.22,broken clouds
250,Paamiut,GL,61.994,-49.6678,17.49,66,100,7.16,overcast clouds
251,Mudanjiang,CN,44.5833,129.6,24.51,77,27,2.26,scattered clouds
252,Mahdalynivka,UA,48.921,34.9156,36.16,80,100,6.62,overcast clouds
253,Grafton,US,42.207,-71.6856,43.81,67,1,5.01,clear sky
254,Tasiilaq,GL,65.6145,-37.6368,14.27,69,96,5.59,overcast clouds
255,Nishihara,JP,26.1842,127.7558,70.88,89,40,6.91,scattered clouds
256,Anadyr,RU,64.75,177.4833,-11.83,97,47,5.82,scattered clouds
257,Gobabis,NA,-22.45,18.9667,92.16,10,19,9.82,few clouds
258,Cidreira,BR,-30.1811,-50.2056,66.02,73,100,5.97,overcast clouds
259,Chambery,FR,45.5667,5.9333,63.36,65,0,2.3,clear sky
260,Hasaki,JP,35.7333,140.8333,45.0,56,100,7.72,overcast clouds
261,Husavik,IS,66.0449,-17.3389,27.66,93,99,3.44,overcast clouds
262,Luderitz,NA,-26.6481,15.1594,71.46,56,0,30.31,clear sky
263,Westport,US,41.1415,-73.3579,45.03,60,1,5.01,clear sky
264,Bereda,ES,43.2686,-7.5406,58.87,68,0,1.68,clear sky
265,Alta Floresta,BR,-9.8756,-56.0861,80.11,74,98,3.89,overcast clouds
266,Xining,CN,36.6167,101.7667,29.01,50,97,2.21,overcast clouds
267,Caruray,PH,10.3094,119.0128,79.92,86,13,3.27,few clouds
268,Hay River,CA,60.8156,-115.7999,13.98,85,90,12.66,light snow
269,Mathbaria,BD,22.2876,89.9593,70.83,60,73,4.07,broken clouds
270,Saint Anthony,US,45.0205,-93.218,27.09,79,90,3.0,overcast clouds
271,Touros,BR,-5.1989,-35.4608,90.5,51,51,15.9,broken clouds
272,Barrow,US,71.2906,-156.7887,12.22,85,90,14.97,light snow
273,Vila Velha,BR,-20.3297,-40.2925,76.41,81,100,10.11,overcast clouds
274,Guiyang,CN,26.5833,106.7167,52.99,97,100,3.18,overcast clouds
275,Kavieng,PG,-2.5744,150.7967,81.3,75,97,4.74,overcast clouds
276,Mabaruma,GY,8.2,-59.7833,82.11,80,23,2.62,few clouds
277,Lavrentiya,RU,65.5833,-171.0,4.84,89,7,6.69,clear sky
278,Ishikari,JP,43.2397,141.3539,40.26,72,97,28.48,light rain
279,Dongsheng,CN,39.8161,109.9776,31.62,50,100,7.36,overcast clouds
280,Upernavik,GL,72.7868,-56.1549,10.83,91,97,11.32,overcast clouds
281,Nioro,GM,13.35,-15.75,97.12,23,65,7.72,broken clouds
282,Micheweni,TZ,-4.9667,39.8333,84.4,63,13,8.61,few clouds
283,Camacupa,AO,-12.0167,17.4833,81.91,43,60,4.92,broken clouds
284,Arawa,PG,-6.2132,155.5367,74.66,92,100,1.88,light rain
285,Manbij,SY,36.5281,37.9549,65.17,37,65,3.85,broken clouds
286,Ketchikan,US,55.3422,-131.6461,36.07,93,90,0.0,light rain
287,Pangkalanbuun,ID,-2.6833,111.6167,75.0,98,100,1.99,light rain
288,Bandarbeyla,SO,9.4942,50.8122,78.91,69,99,16.82,overcast clouds
289,Kamenka,RU,51.3223,42.7678,31.75,98,100,6.6,overcast clouds
290,Waingapu,ID,-9.6567,120.2641,81.97,78,100,5.35,overcast clouds
291,Constitucion,CL,-35.3333,-72.4167,64.27,65,10,5.17,clear sky
292,Miraflores,MX,19.2167,-98.8083,55.02,79,29,4.68,scattered clouds
293,Zavodoukovsk,RU,56.5042,66.5515,22.05,92,100,12.84,overcast clouds
294,Manicore,BR,-5.8092,-61.3003,77.25,87,99,1.23,overcast clouds
295,Humaita,BR,-7.5061,-63.0208,80.13,78,97,2.77,overcast clouds
296,Choya,RU,52.0108,86.5467,4.77,95,94,1.19,overcast clouds
297,Murindo,CO,6.9848,-76.7544,78.01,86,100,3.09,overcast clouds
298,Terrasini,IT,38.146,13.0844,65.89,72,20,8.05,few clouds
299,Boa Vista,BR,2.8197,-60.6733,89.58,48,40,18.41,scattered clouds
300,Yatou,CN,37.15,122.3833,46.62,64,36,4.99,scattered clouds
301,Arlit,NE,18.7369,7.3853,96.85,8,86,5.3,overcast clouds
302,Yershov,RU,51.3513,48.2766,32.65,96,100,13.76,overcast clouds
303,Tongliao,CN,43.6125,122.2653,21.02,91,100,2.55,overcast clouds
304,Bykovo,RU,55.6361,38.0803,37.42,93,90,8.95,overcast clouds
305,Sabang,ID,5.8933,95.3214,81.45,78,73,16.4,broken clouds
306,Ossora,RU,59.2353,163.0719,31.93,98,100,17.09,snow
307,Lunavada,IN,23.1333,73.6167,74.79,72,49,9.42,scattered clouds
308,Muzhi,RU,65.3667,64.6667,0.79,93,100,9.13,overcast clouds
309,Portland,US,45.5234,-122.6762,54.19,93,90,4.0,overcast clouds
310,Clyde River,CA,70.4692,-68.5914,7.03,85,93,11.5,light snow
311,Biak,ID,-0.9131,122.8766,78.19,83,95,2.3,overcast clouds
312,Orlik,RU,52.5178,99.825,4.17,96,100,2.95,overcast clouds
313,Berdigestyakh,RU,62.0989,126.6992,-21.93,100,95,1.01,overcast clouds
314,Sobolevo,RU,54.4299,31.8996,33.26,98,100,7.65,overcast clouds
315,Pindiga,NG,9.9833,10.9333,96.51,14,5,7.56,clear sky
316,Atar,MR,20.5169,-13.0499,91.2,20,20,11.23,few clouds
317,San Pedro,PH,14.35,121.0167,83.35,81,79,5.88,broken clouds
318,Tayu,ID,-6.5397,111.0518,80.6,81,100,6.31,overcast clouds
319,Saskylakh,RU,71.9167,114.0833,-24.27,98,20,6.31,few clouds
320,Port Lincoln,AU,-34.7333,135.8667,57.22,87,100,12.03,moderate rain
321,Norman Wells,CA,65.282,-126.8329,-2.6,96,100,7.54,overcast clouds
322,Rovaniemi,FI,66.5,25.7167,22.41,93,19,4.61,few clouds
323,Mocuba,MZ,-16.8392,36.9856,101.7,20,50,15.32,scattered clouds
324,Kalawit,PH,8.0667,122.5167,78.85,87,21,3.02,few clouds
325,Codajas,BR,-3.8367,-62.0569,77.04,86,99,1.03,overcast clouds
326,Urdoma,RU,61.7533,48.5442,28.51,95,100,12.75,light snow
327,Pimentel,PE,-6.8367,-79.9342,70.09,64,20,5.75,few clouds
328,Jalu,LY,29.0331,21.5482,78.08,23,7,4.34,clear sky
329,Ixtapa,MX,20.7,-105.2,65.43,88,1,5.75,clear sky
330,Puerto Leguizamo,CO,-0.1934,-74.7819,84.63,53,27,4.52,scattered clouds
331,Griffith,US,41.5284,-87.4237,30.88,75,1,1.99,clear sky
332,Moerai,PF,-22.4333,-151.3333,74.41,67,89,13.91,overcast clouds
333,Lewistown,US,40.5992,-77.5714,39.94,60,40,12.66,scattered clouds
334,Kaa-Khem,RU,51.6833,94.7333,15.62,96,100,3.78,light snow
335,Kupang,ID,-10.1667,123.5833,81.14,82,100,5.53,overcast clouds
336,Bartlesville,US,36.7473,-95.9808,37.96,75,1,0.0,clear sky
337,Acapulco,MX,16.8634,-99.8901,76.82,88,1,4.61,clear sky
338,Okhotsk,RU,59.3833,143.3,18.88,84,100,12.48,light snow
339,Conceicao Do Araguaia,BR,-8.2578,-49.2647,89.6,58,70,2.35,broken clouds
340,Marsh Harbour,BS,26.5412,-77.0636,72.07,88,100,24.27,overcast clouds
341,Binzhou,CN,37.3667,118.0167,46.02,73,98,6.85,overcast clouds
342,Guerrero Negro,MX,27.9769,-114.0611,61.2,88,37,6.76,scattered clouds
343,Hauterive,FR,46.0901,3.4459,50.76,55,2,2.91,clear sky
344,Kirovsk,UA,48.6375,38.6428,34.2,93,100,5.59,overcast clouds
345,Devils Lake,US,48.1128,-98.8651,26.94,79,75,11.01,broken clouds
346,Tancheng,CN,27.4375,115.4976,58.75,85,51,2.8,broken clouds
347,Egvekinot,RU,66.3167,-179.1667,-2.25,69,4,5.35,clear sky
348,Floro,NO,61.5996,5.0328,50.7,81,75,34.52,broken clouds
349,Narsaq,GL,60.9167,-46.05,23.22,68,100,6.22,overcast clouds
350,Yumen,CN,40.2833,97.2,28.09,44,3,13.56,clear sky
351,Mutis,CO,6.2262,-77.4044,77.99,84,66,3.13,light rain
352,Fremont,US,37.5483,-121.9886,57.09,93,90,1.01,mist
353,Kokopo,PG,-4.352,152.2633,78.21,79,97,3.33,overcast clouds
354,Solnechnyy,RU,50.7214,136.6319,12.25,93,70,4.76,broken clouds
355,Erenhot,CN,43.6475,111.9767,26.55,73,0,7.07,clear sky
356,Severo-Kurilsk,RU,50.6789,156.125,37.65,89,42,9.69,scattered clouds
357,Novochernorechenskiy,RU,56.2669,91.0828,6.57,85,100,10.51,overcast clouds
358,Sokoni,TZ,-6.4333,39.55,82.13,69,7,12.75,clear sky
359,Honiara,SB,-9.4333,159.95,78.26,84,100,2.28,overcast clouds
360,Hobyo,SO,5.3505,48.5268,81.03,62,100,13.98,overcast clouds
361,Delcevo,MK,41.9672,22.7694,48.43,47,72,4.32,broken clouds
362,Gudari,IN,19.35,83.7833,75.2,88,100,2.71,overcast clouds
363,Hermon,US,44.8101,-68.9134,42.39,86,40,5.99,scattered clouds
364,Katsuura,JP,35.1333,140.3,55.51,65,100,7.74,overcast clouds
365,Ponot,PH,8.452,123.0222,79.0,85,37,3.04,scattered clouds
366,Saldanha,ZA,-33.0117,17.9442,64.56,65,0,25.68,clear sky
367,Lamu,KE,-2.2717,40.902,84.42,71,18,11.05,few clouds
368,San Quintin,MX,30.4833,-115.95,59.36,89,87,8.21,overcast clouds
369,Tiarei,PF,-17.5333,-149.3333,77.02,71,16,22.08,few clouds
370,Eyl,SO,7.9803,49.8164,80.28,60,98,20.07,overcast clouds
371,Ponta Do Sol,PT,32.6667,-17.1,71.13,51,26,4.07,scattered clouds
372,Tooele,US,40.5308,-112.2983,44.85,93,75,6.91,broken clouds
373,Mahbubabad,IN,17.6167,80.0167,74.79,93,100,4.97,overcast clouds
374,San Julian,MX,21.0167,-102.1667,49.32,83,0,3.02,clear sky
375,Pochutla,MX,15.7432,-96.4661,75.81,54,51,1.52,broken clouds
376,Deputatskiy,RU,69.3,139.9,-9.87,96,100,2.66,overcast clouds
377,Firozpur Jhirka,IN,27.8,76.95,72.34,36,99,3.62,overcast clouds
378,Pemangkat,ID,1.1667,108.9667,78.93,85,100,4.41,light rain
379,Karratha,AU,-20.7377,116.8463,80.96,54,6,14.61,clear sky
380,Kozlovo,RU,56.5167,36.2667,33.73,90,97,8.84,overcast clouds
381,Domvraina,GR,38.25,22.9833,58.12,71,65,8.95,broken clouds
382,Nantucket,US,41.2835,-70.0995,48.31,74,75,12.66,broken clouds
383,Revda,RU,56.801,59.9303,27.41,83,100,14.79,overcast clouds
384,Buzmeyin,TM,38.0507,58.2056,46.98,38,0,9.84,clear sky
385,Umba,RU,66.6871,34.3429,31.55,94,100,8.86,light snow
386,Ust-Tsilma,RU,65.441,52.1498,25.56,95,100,9.53,snow
387,Fortuna,US,40.5982,-124.1573,53.94,75,90,0.0,overcast clouds
388,Asau,RO,46.4333,26.4,47.75,69,100,6.91,light rain
389,Camacha,PT,33.0833,-16.3333,65.62,56,20,8.05,few clouds
390,Rousinov,CZ,49.2013,16.8822,52.56,82,75,1.99,broken clouds
391,Mackay,AU,-21.15,149.2,68.04,70,0,10.74,clear sky
392,Emba,KZ,48.8264,58.1442,22.23,92,18,9.55,few clouds
393,Sawtell,AU,-30.3833,153.1,70.18,86,100,10.36,overcast clouds
394,Molepolole,BW,-24.4066,25.4951,94.78,9,17,14.54,few clouds
395,Mala,PE,-12.6581,-76.6308,67.57,74,99,4.72,overcast clouds
396,Nuuk,GL,64.1835,-51.7216,16.41,67,75,2.3,broken clouds
397,Loandjili,CG,-4.7561,11.8578,82.69,73,51,13.09,broken clouds
398,Maarianhamina,AX,60.0973,19.9348,44.46,93,90,8.05,overcast clouds
399,Gallup,US,35.5281,-108.7426,20.16,68,1,0.0,clear sky
400,Takoradi,GH,4.8845,-1.7554,84.88,67,14,6.67,few clouds
401,Kieta,PG,-6.2167,155.6333,76.59,84,100,6.26,light rain
402,Barmer,IN,25.75,71.3833,73.35,67,7,12.77,clear sky
403,Sao Filipe,CV,14.8961,-24.4956,77.94,77,100,5.73,overcast clouds
404,Hammerfest,NO,70.6634,23.6821,30.65,100,75,2.3,mist
405,Reconquista,AR,-29.15,-59.65,77.77,28,0,3.31,clear sky
406,Mweka,CD,-4.85,21.5667,84.4,56,100,0.87,overcast clouds
407,Mabama,TZ,-5.1333,32.5333,94.33,16,100,2.68,overcast clouds
408,Mount Gambier,AU,-37.8333,140.7667,46.33,81,100,5.06,overcast clouds
409,Gwadar,PK,25.1216,62.3254,77.16,35,0,4.5,clear sky
410,Belyy Yar,RU,53.6039,91.3903,17.49,47,0,11.18,clear sky
411,Aksu,CN,41.1231,80.2644,34.81,38,0,1.07,clear sky
412,Varzea Da Palma,BR,-17.5981,-44.7308,83.17,59,95,4.97,overcast clouds
413,Berlevag,NO,70.8578,29.0864,33.75,93,75,3.44,light rain
414,Guangyuan,CN,32.442,105.823,56.03,75,100,1.25,overcast clouds
415,Camana,PE,-16.6228,-72.7111,67.87,74,100,7.87,overcast clouds
416,Kutum,SD,14.2,24.6667,84.79,13,1,9.48,clear sky
417,Atbasar,KZ,51.8,68.3333,11.91,75,36,14.56,scattered clouds
418,Carauari,BR,-4.8828,-66.8958,73.9,98,100,1.1,overcast clouds
419,Ancud,CL,-41.8697,-73.8203,58.53,71,4,3.96,clear sky
420,Cherskiy,RU,68.75,161.3,-7.76,94,16,3.67,few clouds
421,Ulladulla,AU,-35.35,150.4667,62.76,96,100,3.06,light rain
422,Shingu,JP,33.7333,135.9833,53.91,83,1,6.02,clear sky
423,Fairfield,US,41.2668,-73.3162,44.65,60,1,4.0,clear sky
424,Hualmay,PE,-11.0964,-77.6139,66.7,77,96,7.65,overcast clouds
425,Lashio,MM,22.9333,97.75,61.7,94,5,2.01,clear sky
426,Abengourou,CI,6.7297,-3.4964,94.14,38,6,4.16,clear sky
427,Port Shepstone,ZA,-30.7414,30.455,65.86,67,100,5.01,overcast clouds
428,Valkeakoski,FI,61.2642,24.0312,37.09,95,100,8.37,moderate rain
429,Campo Maior,BR,-4.8278,-42.1686,95.31,36,38,5.08,scattered clouds
430,Coquimbo,CL,-29.9533,-71.3436,58.73,82,90,6.91,overcast clouds
431,Loralai,PK,30.3705,68.598,53.44,30,0,2.33,clear sky
432,Benalla,AU,-36.55,145.9833,58.98,73,100,2.77,light rain
433,Nurota,UZ,40.5614,65.6886,41.09,46,4,9.98,clear sky
434,Opochka,RU,56.7105,28.6617,37.38,91,100,6.82,overcast clouds
435,Lumding,IN,25.7535,93.1732,62.87,89,8,1.68,clear sky
436,Ilulissat,GL,69.2167,-51.1,12.22,52,75,20.71,broken clouds
437,Lafiagi,NG,8.8667,5.4167,100.62,18,20,6.64,few clouds
438,Whitehorse,CA,60.7161,-135.0538,-4.7,76,91,3.0,overcast clouds
439,Channel-Port Aux Basques,CA,47.5702,-59.1367,51.94,97,100,25.75,overcast clouds
440,Gigmoto,PH,13.7796,124.39,79.16,88,42,4.03,scattered clouds
441,Labuhan,ID,-6.8844,112.2051,82.27,76,100,5.01,overcast clouds
442,Pascagoula,US,30.3658,-88.5561,51.82,57,1,13.8,clear sky
443,Northam,GB,51.0333,-4.2167,55.38,91,77,6.33,broken clouds
444,Tezu,IN,27.9167,96.1667,64.62,48,0,4.63,clear sky
445,Pajapan,MX,18.25,-94.7,69.96,88,43,5.23,scattered clouds
446,Sao Felix Do Xingu,BR,-6.6447,-51.995,90.41,51,69,2.64,broken clouds
447,Iwanai,JP,42.9744,140.5089,41.07,63,96,18.3,moderate rain
448,Tortoli,IT,39.9256,9.6572,68.99,66,0,2.89,clear sky
449,Ponnani,IN,10.767,75.9252,79.92,85,55,9.35,broken clouds
450,Klaksvik,FO,62.2266,-6.589,47.32,79,96,21.54,overcast clouds
451,Vanavara,RU,60.34,102.2797,-8.07,100,65,3.71,broken clouds
452,Texarkana,US,33.4251,-94.0477,39.11,68,1,3.0,clear sky
453,Walvis Bay,NA,-22.9575,14.5053,65.08,60,16,18.68,few clouds
454,Mukhen,RU,48.1,136.1,17.98,95,95,1.23,overcast clouds
455,Cerritos,US,33.8583,-118.0648,61.86,92,90,1.01,mist
456,General Jose Eduvigis Diaz,PY,-27.1667,-58.4167,82.06,39,1,6.71,clear sky
457,Corrente,BR,-3.7367,-43.3394,95.23,40,31,4.18,scattered clouds
458,Lucapa,AO,-8.4192,20.7447,82.47,52,40,3.22,scattered clouds
459,Meulaboh,ID,4.1363,96.1285,76.26,86,100,4.25,heavy intensity rain
460,Lake City,US,30.1897,-82.6393,67.75,77,1,8.05,clear sky
461,Moron,AR,-34.6534,-58.6198,80.29,43,0,3.49,clear sky
462,Malanje,AO,-9.5402,16.341,74.43,78,100,4.94,light rain
463,Trapani,IT,37.8333,12.6667,67.35,69,0,12.33,clear sky
464,Stirling,GB,56.119,-3.9368,57.65,80,99,13.0,overcast clouds
465,Kudahuvadhoo,MV,2.6708,72.8944,82.98,79,6,18.5,clear sky
466,Udarnyy,RU,54.3409,42.8611,27.64,95,100,6.08,overcast clouds
467,Taoudenni,ML,22.6783,-3.9836,86.27,24,94,10.54,overcast clouds
468,Ignatovka,RU,53.9479,47.6536,30.22,86,100,13.35,overcast clouds
469,Caborca,MX,30.5838,-111.101,57.63,30,98,6.35,overcast clouds
470,Ziarat,PK,30.3823,67.7282,39.56,35,0,2.08,clear sky
471,Bar Harbor,US,44.3876,-68.2039,42.91,86,75,11.99,broken clouds
472,Mehamn,NO,71.0357,27.8492,33.71,99,100,8.48,light rain
473,Sibolga,ID,1.7427,98.7792,77.72,86,65,3.24,broken clouds
474,Aitape,PG,-3.1374,142.3475,78.51,87,93,1.63,light rain
475,Pryozerne,UA,45.2698,36.3303,45.25,75,100,11.77,overcast clouds
476,Dhidhdhoo,MV,6.8833,73.1,81.81,72,60,19.95,broken clouds
477,Inta,RU,66.0317,60.1659,12.42,86,100,13.73,overcast clouds
478,Teuchitlan,MX,20.6833,-103.8667,61.07,64,0,2.95,clear sky
479,Bocas Del Toro,PA,9.3333,-82.25,78.87,76,23,6.38,few clouds
480,Naryan-Mar,RU,67.6713,53.087,20.48,95,100,15.68,light snow
481,Sterling,US,39.0062,-77.4286,43.61,46,20,3.0,few clouds
482,Louga,RU,58.7372,29.8453,37.83,85,100,8.01,overcast clouds
483,Mandla,IN,22.6,80.3833,71.01,46,83,4.74,broken clouds
484,Olafsvik,IS,64.8945,-23.7142,42.01,77,91,8.7,light rain
485,Ngunguru,NZ,-35.6167,174.5,55.17,72,100,5.14,overcast clouds
486,Broken Hill,AU,-31.95,141.4333,69.48,65,100,9.35,light rain
487,Zhanaozen,KZ,43.3,52.8,39.25,31,22,16.91,few clouds
488,Ippy,CF,6.2679,21.2247,90.41,37,98,6.11,overcast clouds
489,Batemans Bay,AU,-35.7167,150.1833,64.2,94,100,2.46,light rain
490,Temirgoyevskaya,RU,45.1141,40.2803,48.15,76,100,3.56,light rain
491,Nova Olimpia,BR,-14.7972,-57.2881,71.38,99,100,3.74,overcast clouds
492,Zhigansk,RU,66.7697,123.3711,-22.85,100,98,2.84,overcast clouds
493,Pontianak,ID,-0.0333,109.3333,76.98,94,75,0.0,heavy intensity rain
494,Makakilo City,US,21.3469,-158.0858,74.28,83,1,0.0,clear sky
495,Sarangani,PH,5.4033,125.4636,84.04,69,44,3.18,scattered clouds
496,Ostrovnoy,RU,68.0531,39.5131,29.26,94,100,4.94,overcast clouds
497,Lubango,AO,-14.9172,13.4925,75.02,53,54,3.42,light rain
498,Winnemucca,US,40.973,-117.7357,42.85,75,90,4.61,overcast clouds
499,Maragogi,BR,-9.0122,-35.2225,85.08,60,29,11.32,scattered clouds
500,Taua,BR,-5.9667,-40.3,90.52,38,98,10.29,overcast clouds
501,Uruzgan,AF,32.8333,66.0,44.56,40,0,2.48,clear sky
502,Harper,LR,4.375,-7.7169,85.3,68,41,10.0,scattered clouds
503,Maraa,BR,-1.8333,-65.3667,78.4,79,82,3.44,broken clouds
504,Teramo,IT,42.65,13.6833,65.17,70,42,3.8,scattered clouds
505,Kaseda,JP,31.4167,130.3167,53.85,71,0,5.1,clear sky
506,Karpathos,GR,35.507,27.2132,64.36,52,20,27.63,few clouds
507,Bambanglipuro,ID,-7.95,110.2833,76.91,92,100,3.44,moderate rain
508,Inirida,CO,3.8653,-67.9239,85.62,67,100,1.9,overcast clouds
509,Havre-Saint-Pierre,CA,50.2334,-63.5986,39.56,87,90,12.66,overcast clouds
510,Pacific Grove,US,36.6177,-121.9166,55.08,91,40,3.0,scattered clouds
511,Tucuman,AR,-26.8241,-65.2226,80.42,47,0,3.58,clear sky
512,Margate,GB,51.3813,1.3862,55.11,77,21,1.99,few clouds
513,Kungurtug,RU,50.5994,97.5228,11.1,89,100,2.48,overcast clouds
514,Maumere,ID,-8.6199,122.2111,82.17,77,95,1.59,overcast clouds
515,Alugan,PH,12.2188,125.4808,79.68,83,95,4.79,overcast clouds
516,Simao,CN,22.7886,100.9748,57.65,79,46,2.21,scattered clouds
517,Owando,CG,-0.4819,15.8999,87.12,53,72,2.39,broken clouds
518,Bose,IT,45.4612,8.0137,49.66,65,1,1.88,clear sky
519,Soe,ID,-9.8607,124.284,71.62,85,100,4.05,overcast clouds
520,Pandrup,DK,57.2215,9.6757,54.32,82,75,31.07,broken clouds
521,Lazurne,UA,46.084,32.5295,47.73,65,100,15.46,overcast clouds
522,Victor Harbor,AU,-35.5667,138.6167,58.8,81,100,8.23,light rain
523,Vestmanna,FO,62.1564,-7.1664,45.52,87,75,9.22,broken clouds
524,Panzhihua,CN,26.5851,101.7128,58.01,67,2,1.07,clear sky
525,Vorobyevka,RU,50.6451,40.9245,30.97,83,100,6.85,overcast clouds
526,Cusco,PE,-13.5183,-71.9781,62.83,42,75,3.44,broken clouds
527,Tabas,IR,33.5959,56.9244,50.94,23,0,0.85,clear sky
528,Ust-Nera,RU,64.5667,143.2,-13.83,99,91,3.98,overcast clouds
529,Germantown,US,39.1732,-77.2717,43.0,49,1,1.01,clear sky
530,Pahrump,US,36.2083,-115.9839,55.18,31,99,6.15,overcast clouds
531,Bouca,CF,6.5105,18.2733,93.33,32,9,6.2,clear sky
532,Bilibino,RU,68.0546,166.4372,-19.79,99,42,4.25,scattered clouds
533,Bairiki,KI,1.3292,172.9752,80.6,78,20,4.61,light rain
534,Caxias Do Sul,BR,-29.1681,-51.1794,61.97,98,100,2.68,overcast clouds
535,Nuevo Progreso,MX,23.1667,-97.95,65.59,59,98,15.66,overcast clouds
536,Esmeralda,CU,21.8525,-78.1169,81.64,74,99,3.8,overcast clouds
537,Peterborough,GB,52.5736,-0.2478,57.13,82,75,12.66,broken clouds
538,Sinjar,IQ,36.3209,41.8754,63.05,36,19,2.19,few clouds
539,Colonial Park,US,40.3006,-76.8097,41.04,54,20,11.99,few clouds
540,Upata,VE,8.0086,-62.3989,82.15,60,65,5.64,broken clouds
541,Lagos,NG,6.5833,3.75,90.95,56,34,5.95,scattered clouds
542,La Oroya,PE,-11.5189,-75.8994,49.17,67,97,3.71,overcast clouds
543,Beringovskiy,RU,63.05,179.3167,16.12,92,100,11.88,light snow
544,Atherton,GB,53.5237,-2.4935,58.78,78,100,1.99,overcast clouds
545,Morondava,MG,-20.2833,44.2833,83.1,76,100,12.84,overcast clouds
546,Magadan,RU,59.5667,150.8,19.22,75,64,12.91,broken clouds
547,Port-Gentil,GA,-0.7193,8.7815,81.14,80,45,13.53,light rain
548,Luanda,AO,-8.8368,13.2343,82.72,74,25,16.2,scattered clouds
549,Ayagoz,KZ,47.9714,80.4392,-8.25,100,61,3.49,broken clouds
550,Fuerte Olimpo,PY,-21.0415,-57.8738,77.58,64,90,7.7,overcast clouds
551,Richards Bay,ZA,-28.783,32.0377,67.93,65,99,6.38,overcast clouds
552,Kande,TG,9.9578,1.0447,101.14,12,17,8.46,few clouds
553,Yantal,RU,56.8471,105.2542,3.38,98,100,2.82,overcast clouds
554,Ukiah,US,39.1502,-123.2078,55.04,94,90,0.0,mist
555,Shu,KZ,43.5983,73.7614,27.81,57,0,8.25,clear sky
556,Palauig,PH,15.435,119.9045,81.05,83,67,6.02,broken clouds
557,Longonjo,AO,-12.9067,15.2533,73.0,70,97,4.9,light rain
558,Port Augusta,AU,-32.5,137.7667,66.7,93,100,8.61,moderate rain
559,Tabuk,PH,17.4189,121.4443,74.01,89,86,5.14,overcast clouds
560,Pangnirtung,CA,66.1451,-65.7125,16.99,72,100,7.67,overcast clouds
561,Sur,OM,22.5667,59.5289,76.64,52,0,8.05,clear sky
562,Buala,SB,-8.145,159.5921,79.75,77,100,2.46,overcast clouds
563,Viedma,AR,-40.8135,-62.9967,68.31,38,7,9.6,clear sky
564,Eureka,US,40.8021,-124.1637,54.21,94,100,5.99,overcast clouds
565,Moose Factory,CA,51.2585,-80.6094,26.58,80,90,16.11,overcast clouds
566,Nosy Varika,MG,-20.5833,48.5333,79.63,72,0,12.44,clear sky
567,Tynda,RU,55.1667,124.7167,-0.87,97,47,1.88,scattered clouds
568,Inverell,AU,-29.7833,151.1167,65.1,96,80,6.24,broken clouds
569,Bowen,AU,-20.0167,148.2333,75.65,69,0,16.24,clear sky
570,San Anselmo,US,37.9747,-122.5616,56.89,91,90,0.0,overcast clouds
571,Kirs,RU,59.3388,52.2447,25.92,90,100,12.91,overcast clouds
572,Novikovo,RU,51.1537,37.8879,32.38,95,100,6.4,overcast clouds
573,Sao Miguel Do Araguaia,BR,-13.275,-50.1628,83.32,66,84,3.06,broken clouds
574,Barahona,DO,18.2085,-71.1008,84.02,70,20,6.91,few clouds
575,Boueni,YT,-12.9025,45.0761,82.38,70,11,3.02,few clouds
576,Yinchuan,CN,38.4681,106.2731,42.37,30,100,5.28,overcast clouds
577,Tecoanapa,MX,16.5167,-98.75,75.85,80,6,4.14,clear sky
578,Cascais,PT,38.6979,-9.4215,68.5,48,0,8.01,clear sky
579,Alihe,CN,50.5667,123.7167,12.15,88,100,0.83,overcast clouds
580,Nikolskoye,RU,59.7035,30.7861,40.87,81,100,8.32,overcast clouds
581,Wuan,CN,31.6836,112.0044,62.47,67,100,1.1,overcast clouds
582,Poum,NC,-20.2333,164.0167,77.23,78,0,18.99,clear sky
583,Kandrian,PG,-6.2167,149.55,76.82,89,100,2.8,light rain
584,Bubaque,GW,11.2833,-15.8333,83.68,56,7,3.11,clear sky
585,Reidsville,US,36.3549,-79.6645,43.72,42,1,3.44,clear sky
586,Kyshtovka,RU,56.555,76.6271,1.8,97,93,7.2,overcast clouds
587,San Cristobal,VE,7.7669,-72.225,68.18,75,79,2.04,broken clouds
588,Kijabe,KE,-0.933,36.5758,58.84,80,97,5.1,light rain
589,North Bend,US,43.4065,-124.2243,49.91,94,90,10.36,overcast clouds
590,Gorontalo,ID,0.5412,123.0595,76.98,94,84,2.8,broken clouds
591,Mali,GN,12.079,-12.2982,80.96,24,12,7.43,few clouds
592,Shakawe,BW,-18.3667,21.85,91.58,27,73,3.56,broken clouds
593,Bonthe,SL,7.5264,-12.505,89.64,57,8,7.52,clear sky
594,Kambove,CD,-10.8764,26.5969,82.69,40,89,4.32,overcast clouds
595,Necochea,AR,-38.5473,-58.7368,62.04,53,0,10.45,clear sky
596,Duncan,US,34.5023,-97.9578,34.02,64,1,4.61,clear sky
597,Sinfra,CI,6.6167,-5.9167,93.36,38,73,5.86,broken clouds
598,Benton,US,36.3334,-94.3335,34.83,73,1,0.0,clear sky
599,Ust-Karsk,RU,52.7011,118.8077,8.58,95,100,0.63,overcast clouds
600,Muros,ES,42.7762,-9.0603,66.99,56,0,2.59,clear sky
601,Charagua,BO,-19.8,-63.2167,73.02,60,92,9.26,overcast clouds
602,Znamenskoye,RU,57.1281,73.8282,9.86,95,98,5.82,overcast clouds
603,Avera,US,33.194,-82.5271,50.68,31,36,12.08,scattered clouds
604,Key West,US,24.5557,-81.7826,75.0,94,40,5.75,scattered clouds
605,Wote,KE,-1.7808,37.6288,78.85,51,94,9.44,overcast clouds
606,Ouadda,CF,8.0777,22.4007,92.73,24,6,6.33,clear sky
607,Venustiano Carranza,MX,19.43,-99.0992,56.14,69,90,5.99,overcast clouds
608,Vanimo,PG,-2.6741,141.3028,78.84,87,86,1.59,overcast clouds
609,Tessalit,ML,20.1986,1.0114,87.62,11,67,15.66,broken clouds
610,Lorengau,PG,-2.0226,147.2712,81.82,68,100,3.69,overcast clouds
611,Garden Acres,US,37.9638,-121.2294,54.72,94,75,5.75,mist
612,Santa Maria,BR,-29.6842,-53.8069,72.45,43,0,7.09,clear sky
613,Mucurapo,TT,10.6667,-61.5333,81.01,75,60,5.91,broken clouds
614,Nenjiang,CN,49.1833,125.2167,12.04,89,100,0.85,overcast clouds
615,Kursumlija,RS,43.1458,21.2686,51.82,58,83,7.31,broken clouds
616,Saint-Augustin,CA,51.226,-58.6502,44.11,98,100,16.93,overcast clouds
617,Ternate,ID,0.8,127.4,81.39,79,92,4.68,overcast clouds
618,San Vicente,AR,-26.6167,-54.1333,75.83,37,0,5.32,clear sky
619,Darhan,MN,49.4867,105.9228,19.18,85,28,1.41,scattered clouds
620,Chumikan,RU,54.7183,135.315,4.84,84,20,13.0,few clouds
621,Khor,RU,47.8861,134.9464,12.29,96,37,0.72,scattered clouds
622,Shelburne,CA,44.0787,-80.2041,33.28,91,72,13.89,light snow
623,Soyo,AO,-6.1349,12.3689,83.28,73,41,10.78,scattered clouds
624,Itarare,BR,-24.1125,-49.3317,73.13,73,96,3.49,overcast clouds
625,Sahuaripa,MX,29.05,-109.2333,55.13,46,83,3.62,broken clouds
626,Colesberg,ZA,-30.72,25.0972,72.21,10,0,7.96,clear sky
627,Tikapur,NP,28.5,81.1333,70.03,66,84,3.36,broken clouds
628,Fez,MA,34.0372,-4.9998,75.45,25,40,2.3,scattered clouds
629,Angoche,MZ,-16.2325,39.9086,83.62,69,0,21.03,clear sky
630,Praya,CV,14.9215,-23.5087,79.34,78,75,14.97,broken clouds
631,Kirakira,SB,-10.4544,161.9205,78.94,83,100,4.38,overcast clouds
632,Kapoeta,SS,4.7717,33.5903,96.31,21,74,13.2,broken clouds
633,Port Hedland,AU,-20.3167,118.5667,77.05,78,9,8.05,clear sky
634,Srednekolymsk,RU,67.45,153.6833,-13.07,99,100,1.34,overcast clouds
635,Pembroke,CA,45.8168,-77.1162,34.66,71,39,11.45,scattered clouds
636,Rio Gallegos,AR,-51.6226,-69.2181,66.25,34,40,36.82,scattered clouds
637,Gat,IL,31.61,34.7642,68.81,60,63,13.71,broken clouds
638,Heilbron,ZA,-27.2812,27.9709,83.91,10,0,20.02,clear sky
639,Inca,ES,39.7211,2.9109,64.94,70,39,4.9,scattered clouds
640,Mecca,SA,21.4267,39.8261,85.75,36,0,15.7,clear sky
641,Zyryanskoye,RU,56.8306,86.6258,4.82,90,100,11.03,overcast clouds
642,Coahuayana,MX,18.7333,-103.6833,71.22,58,0,4.16,clear sky
643,Vila Franca Do Campo,PT,37.7167,-25.4333,66.61,54,79,3.78,broken clouds
644,Alice Springs,AU,-23.7,133.8833,69.35,56,6,0.0,clear sky
645,Dudinka,RU,69.4058,86.1778,1.62,97,100,5.03,overcast clouds
646,Nanortalik,GL,60.1432,-45.2371,25.09,72,100,6.67,overcast clouds
647,Usinsk,RU,65.9939,57.5281,19.15,94,100,20.42,snow
648,Tazovskiy,RU,67.4667,78.7,-15.92,100,98,0.63,overcast clouds
649,Ambon,ID,-3.6954,128.1814,82.56,76,90,2.46,overcast clouds
650,Zyryanka,RU,65.75,150.85,-6.7,97,100,4.97,overcast clouds
651,Senanga,ZM,-16.1167,23.2667,87.58,37,79,3.56,light rain
652,Panguna,PG,-6.3164,155.4848,66.88,96,100,0.83,light rain
653,Mosquera,CO,4.7059,-74.2302,60.89,59,20,3.44,few clouds
654,Sinnamary,GF,5.3833,-52.95,81.52,81,38,6.6,scattered clouds
655,Susanville,US,40.4163,-120.653,41.67,88,90,0.0,overcast clouds
656,Tres Arroyos,AR,-38.3739,-60.2798,67.98,35,0,7.56,clear sky
657,Puerto El Triunfo,SV,13.2833,-88.55,82.56,73,100,5.57,overcast clouds
658,Pitimbu,BR,-7.4706,-34.8086,88.39,58,74,13.15,broken clouds
659,Turukhansk,RU,65.8167,87.9833,-11.04,92,65,9.73,broken clouds
660,Gwanda,ZW,-20.9333,29.0,82.69,40,84,9.78,broken clouds
661,Kirensk,RU,57.7853,108.1119,3.61,98,100,2.53,overcast clouds
662,Dong Hoi,VN,17.4833,106.6,74.23,92,66,7.61,broken clouds
663,Bulgan,MN,48.8125,103.5347,16.05,70,100,2.71,overcast clouds
664,Kasane,BW,-17.8167,25.15,80.69,50,40,14.97,thunderstorm
665,Saint-Pierre,RE,-21.3393,55.4781,82.08,53,0,10.36,clear sky
666,Petropavlovsk-Kamchatskiy,RU,53.0452,158.6483,24.84,66,100,2.68,overcast clouds
667,Loreto,MX,22.2667,-101.9667,52.27,82,8,8.25,clear sky
668,Tres Lagoas,BR,-20.7511,-51.6783,76.51,81,96,6.98,overcast clouds
669,Charlestown,AU,-32.95,151.6667,66.81,95,100,3.0,overcast clouds
670,Siuri,IN,23.9167,87.5333,68.22,46,7,1.74,clear sky
671,Yulara,AU,-25.2406,130.9889,73.24,33,52,0.0,broken clouds
672,Sikasso,ML,10.9167,-7.0,97.27,15,7,7.52,clear sky
673,Amuntai,ID,-2.4177,115.2494,74.97,98,80,2.42,broken clouds
674,Posse,BR,-14.0931,-46.3694,81.88,59,98,2.26,overcast clouds
675,Shimoda,JP,34.6667,138.95,55.11,66,100,7.2,overcast clouds
676,Markova,UA,48.6758,24.4138,42.39,77,100,9.13,overcast clouds
677,Makarska,HR,43.2969,17.0178,64.54,49,95,4.32,overcast clouds
678,Chico,US,39.7285,-121.8375,54.68,96,75,1.01,broken clouds
679,Lastoursville,GA,-0.8143,12.7287,92.25,62,40,2.77,scattered clouds
680,Svetlogorsk,BY,52.6333,29.7333,41.14,98,100,7.2,overcast clouds
681,Kalmunai,LK,7.4167,81.8167,80.37,80,85,3.6,overcast clouds
682,Urubicha,BO,-15.3833,-62.95,69.44,85,100,1.99,overcast clouds
683,Awbari,LY,26.5921,12.7805,86.14,15,52,8.7,broken clouds
684,Togitsu,JP,32.8333,129.85,54.99,62,0,6.6,clear sky
685,Zhezkazgan,KZ,47.8043,67.7144,12.27,93,28,7.4,scattered clouds
686,Shumikha,RU,55.2261,63.2961,22.86,89,100,15.23,overcast clouds
687,Jawhar,SO,2.7809,45.5005,92.21,34,28,3.62,scattered clouds
688,Evensk,RU,61.95,159.2333,20.48,87,100,19.3,overcast clouds
689,Juneau,US,58.3019,-134.4197,29.21,96,90,4.61,snow
690,Iquitos,PE,-3.7481,-73.2472,84.24,79,40,4.61,scattered clouds
691,Sorong,ID,-0.8833,131.25,82.18,73,67,8.37,broken clouds
692,Shar,KZ,49.5886,81.0453,-1.95,97,7,4.41,clear sky
693,Presidencia Roque Saenz Pena,AR,-26.7852,-60.4388,80.22,30,0,5.19,clear sky
694,Umm Lajj,SA,25.0213,37.2685,79.03,54,0,16.08,clear sky
695,Manggar,ID,-2.8833,108.2667,80.19,81,97,4.9,overcast clouds
696,Estacion Coahuila,MX,32.1939,-115.0017,57.74,21,100,4.72,overcast clouds
697,Pierre,US,44.3683,-100.351,31.28,63,1,4.61,clear sky
698,Nieuw Nickerie,SR,5.95,-56.9833,82.53,73,23,4.27,few clouds
699,Natal,BR,-5.795,-35.2094,90.25,55,40,17.27,scattered clouds
700,Rafraf,TN,37.1904,10.1837,66.52,69,8,9.37,clear sky
701,Campos Novos,BR,-27.4017,-51.225,62.11,93,100,3.44,overcast clouds
702,Ikongo,MG,-21.8833,47.4333,83.95,50,0,6.85,clear sky
703,Aberdeen,GB,57.1437,-2.0981,62.49,66,40,9.22,scattered clouds
704,Brisbane,AU,-27.4679,153.0281,73.58,80,0,1.99,clear sky
705,Calmeca,MX,18.6333,-98.6333,62.17,59,0,2.86,clear sky
